,product,market,mean,std,cv,adf_pvalue,trend_strength,season_strength,acf_lag1,acf_season,pacf_lag1,acf_sum5,cluster,pc1,pc2,differentiation
0,BAGS,Discounters,2406.410923076923,445.8210798022113,0.18526390298801024,0.5655510267408934,0.983425541207335,0.7204502743100122,0.9412840384023069,0.3718815781889304,0.9559916015023427,4.0860951664123135,0,1.0978312876935847,1.691701239057187,1
1,BAGS,National Urban Hypermarkets,9472.215076923078,426.2347109542578,0.04499841985141183,0.058820857890500934,0.5439915790309716,0.395424810615843,0.7780311259598737,-0.19916823805922335,0.7901878623029966,2.3231889885066894,2,-0.6180975645119469,-2.5812292455564902,1
2,BAGS,National Urban Minimarkets,1594.6409230769232,382.74180589172596,0.2400175489998152,0.6595402621868467,0.9864946327326611,0.7082235894296717,0.9456383410422616,0.3822246785053573,0.9604139401210469,4.043263276513877,0,0.997115688344878,2.181279186423403,1
3,BAGS,National Urban Supermarkets,3179.720307692308,500.0648831525803,0.15726694009621997,0.6273717021897038,0.9839173721762037,0.6569258220055335,0.9341863114940269,0.3889237813591311,0.9487829726111211,4.142861101842153,0,1.2466793231456015,1.2789270176684728,1
4,BARS,Discounters,3487.202461538462,277.9331765856159,0.07970090055023622,0.403007688888513,0.8899160528544235,0.4909790661822855,0.903002515349223,0.005843726141814092,0.9171119296515545,3.430121038036305,0,1.2806073824814044,-0.27598068903074063,1
5,BARS,National Urban Hypermarkets,6566.483230769231,931.4716655532048,0.1418524395506737,0.8579981266345413,0.959192493613353,0.2935805611360655,0.9432716460177305,0.4233557224586501,0.9580102654867575,4.324283659799739,0,2.099089293753789,0.2247240873699348,1
6,BARS,National Urban Minimarkets,3009.8646153846153,170.64643366362913,0.05669571740582195,0.5421776181351909,0.9380969634735075,0.47358622310567355,0.887888947398116,0.24909902693712468,0.9017622122012113,3.7208974815200686,0,1.3430893393305878,-0.35379785435963357,1
7,BARS,National Urban Supermarkets,3534.998923076923,277.4498840056698,0.07848655403950526,0.40494064630893123,0.8883188027398082,0.5643227253182207,0.8927956850079718,-0.14243604328162576,0.9067456175862215,3.3338149824523082,0,1.0146417484483092,-0.15026680618141247,1
8,BITESIZE,Discounters,304.88261538461535,63.21308347755538,0.20733580823495248,0.046532799544729456,0.6015610359839735,0.5856178874717191,0.8673547097070616,-0.06878871890024427,0.8809071270462346,2.3225844038285945,0,-0.4309647881309837,-0.22286460162964042,0
9,BITESIZE,National Urban Hypermarkets,1452.802,190.58778481155343,0.1311863452910675,0.619770253798279,0.8838891837279477,0.4786357006456623,0.8879243665699338,0.05620207483064537,0.9017981847975891,3.095765225933776,0,0.954688659742012,0.0987522704246409,1
10,BITESIZE,National Urban Minimarkets,260.27384615384614,51.26586320631363,0.19696893853872172,0.5649833612813218,0.8989526525667981,0.5774906544700278,0.9324034276142449,0.35615469971095404,0.9469722311707174,3.899888178772774,0,1.0562981410765033,1.0887156883571514,1
11,BITESIZE,National Urban Supermarkets,443.2572307692308,76.23391345694867,0.17198571882212044,0.7092289974946624,0.8386131730789246,0.494817093033493,0.9160584407138781,0.14014505660202461,0.9303718538500325,3.573557865012762,0,0.9862980225144545,0.37777145630421277,1
12,BOXED CHOCOLATE,Discounters,2675.7456923076925,605.6140582060319,0.2263346849243065,0.9034353816029013,0.8533486536946484,0.9346409217493362,0.680828600076058,0.6568846005446514,0.691466546952246,1.693509608098664,1,-2.67379461527255,1.3770880939547288,2
13,BOXED CHOCOLATE,National Urban Hypermarkets,14924.87723076923,2441.4306303441917,0.16358128730941393,0.9340642069829284,0.7272275499788683,0.9476103089518213,0.5939548443514172,0.6595552748575453,0.603235388794408,1.6364272599507443,1,-3.7554517028171865,0.0955031555498703,1
14,BOXED CHOCOLATE,National Urban Minimarkets,2201.675538461538,441.2718233627048,0.2004254558194582,0.6909773844029932,0.913416548658799,0.9552894255135089,0.7566261035656545,0.6819271439300937,0.768448386433868,1.8575656694368714,1,-1.649936803493876,1.6273185283496387,2
15,BOXED CHOCOLATE,National Urban Supermarkets,3742.094769230769,856.7026100496961,0.22893664187606913,0.8579741784816804,0.927266126353285,0.9418597075060676,0.7239549288358713,0.6415575780106774,0.7352667245989319,1.7385683372902316,1,-2.04333919324751,1.8351545875716455,2
16,FRUITY CONFECTIONS,Discounters,4835.491384615386,399.51262632924426,0.08262089507600713,0.5399079438889145,0.9416813589374216,0.6800458691988964,0.9202856689079651,0.31862682980773954,0.9346651324846521,4.080983396688449,0,1.1907164967785875,0.4449270600272409,1
17,FRUITY CONFECTIONS,National Urban Hypermarkets,16198.024153846154,750.2323238564429,0.04631628627855227,0.025384576421895302,0.5157358445366106,0.5245631067027517,0.7758471968283932,-0.30754313218147455,0.787969809278837,1.72388145568232,2,-0.9852032042630516,-2.399649477356647,0
18,FRUITY CONFECTIONS,National Urban Minimarkets,4358.481999999999,219.98280045125122,0.05047234345610496,0.10124813094234142,0.8836644387139155,0.6354310518771538,0.8194154273278514,0.04281094755472914,0.8322187933798492,3.085523313578904,0,0.13818440841222807,-0.43499598640181747,1
19,FRUITY CONFECTIONS,National Urban Supermarkets,5981.858000000001,528.9424768677592,0.08842444552641655,0.6708506038635929,0.9038684608990306,0.40018595690409703,0.9224593555702106,0.3184044678720098,0.9368727830009956,4.00385206880406,0,1.690047446539763,-0.299111769234638,1
20,GUM,Discounters,3514.7113846153843,155.54989051825265,0.044256803332167347,0.2923167988659353,0.7756679345804137,0.4146558512812216,0.8417354204615645,0.1804820421038508,0.8548875364062761,3.0601852507725047,2,0.6063575659179395,-1.4037755098525384,1
21,GUM,National Urban Hypermarkets,7154.516461538462,382.3713727370894,0.05344475406446499,0.008101127421564205,0.533948979210488,0.3822351122009791,0.8971765404544311,-0.39164109460328744,0.9111949238990315,2.4460694496724784,2,0.6712933091816142,-2.294284125676459,0
22,GUM,National Urban Minimarkets,3467.0416923076923,307.5021192079883,0.08869293954273515,0.7542065828674058,0.8818902220505492,0.2069505654656247,0.9438824262653935,0.24179738605734713,0.9586305891757904,3.94941967090396,0,2.27693468230085,-0.78151893308117,1
23,GUM,National Urban Supermarkets,3790.97923076923,304.93482114680927,0.08043695377485219,0.5126690475147376,0.8686710946479553,0.33407566659385085,0.9007924232812479,0.35436266047403703,0.9148673048950174,3.646267758935655,0,1.5309891693671571,-0.7242035878080177,1
24,IMPULSE FANCY,Discounters,882.146153846154,130.83611408567003,0.1483156884097097,0.6717778212143751,0.6801062291559038,0.8673986185907283,0.6143536693777851,0.44783939060224887,0.6239529454618128,0.8593609696512852,1,-3.4256804023785103,-0.3782178352915622,2
25,IMPULSE FANCY,National Urban Hypermarkets,2564.814,960.2017382264651,0.3743748038752382,0.6510348103917676,0.4435974614519487,0.9389321484170868,0.5886029945804597,0.5598020632056101,0.5977999163707796,1.2789373507040558,1,-5.181191906422349,0.7549684455784716,2
26,IMPULSE FANCY,National Urban Minimarkets,803.8626153846154,113.06588195987942,0.14065324073539856,0.6871162173117162,0.8276467780533072,0.8718930016348664,0.767770845185342,0.4188073642563605,0.7797672646413633,1.8475182317220955,1,-1.361185207973841,0.5577621956203673,2
27,IMPULSE FANCY,National Urban Supermarkets,978.4852307692307,171.42037380832693,0.17518953625244374,0.8551006783739248,0.7665899289594408,0.8979731092822858,0.6740082003104778,0.512697779082838,0.6845395784403289,0.929621089409067,1,-2.7120490139170674,0.44528173128650755,2
28,MEDICINAL,Discounters,362.12369230769224,28.931951928686843,0.07989521962596058,0.2584625325076678,0.8911279779700666,0.5408085647927144,0.9160934528008747,0.11259129972894676,0.9304074130008885,3.619113102078444,0,1.3229396711934958,-0.12388101943661088,1
29,MEDICINAL,National Urban Hypermarkets,689.2221538461538,90.85393216057554,0.131820968977233,0.02875082129383543,0.953799622213927,0.810789648951293,0.9270513153979163,0.04368470961533393,0.9415364922010088,3.43783206153196,0,0.8575418578332464,1.2558266180431399,0
30,MEDICINAL,National Urban Minimarkets,337.358923076923,61.4292488386812,0.18208870326715615,0.451876519085902,0.8468680230506136,0.2885338554977404,0.9145017999307841,-0.1630301973243657,0.9287908905547025,3.751683303932865,0,1.3874460680689957,0.028519200768437346,1
31,MEDICINAL,National Urban Supermarkets,392.9636923076923,29.382441959933253,0.074771391187272,0.22704938010886128,0.8111393620548779,0.3551533797909842,0.8993934058505116,0.09805693888429506,0.913446427816926,3.2811818098352745,0,1.3512557242228989,-0.9758953521470265,1
32,MINTS,Discounters,753.7856923076924,68.21009410200111,0.09049003556060867,0.9161149697150466,0.9388846410660213,0.7317030848250846,0.899889600734646,0.29020650471138065,0.9139503757461246,3.4470061533952547,0,0.824728993257515,0.5736111728698745,1
33,MINTS,National Urban Hypermarkets,1749.316769230769,192.33760587755987,0.10995012982247744,0.4940334420965493,0.958857197106508,0.5946323465273954,0.9464905457847946,0.37040269831927336,0.9612794605626822,4.169438334516512,0,1.609343439387276,0.6318205823908865,1
34,MINTS,National Urban Minimarkets,629.5278461538461,95.06803931087177,0.15101482784550047,0.904058975963151,0.8508562393012582,0.2961858053291442,0.9161386727311348,0.2914084942532639,0.9304533394925592,3.43736323043972,0,1.502261282052993,-0.2134654236428283,1
35,MINTS,National Urban Supermarkets,895.8313846153846,70.64471832869309,0.07885939200380172,0.6047318454617048,0.8441104905752164,0.4982947591683573,0.8510694408978187,0.20361705946257297,0.864367400911847,3.062192212167531,0,0.5846546072398638,-0.5859449791139074,1
36,TABLETS,Discounters,9393.461384615386,697.6066090186434,0.0742651276728708,0.9984243041102997,0.8726737875970707,0.7755270082685418,0.7295197982876981,0.3692425043728779,0.7409185451359434,2.155245928254944,1,-1.252147175886426,-0.16076584348628062,2
37,TABLETS,National Urban Hypermarkets,26426.598,2276.012318358443,0.08612581605693032,0.48548019672411474,0.9457704959864575,0.7744518803765407,0.8603418002724519,0.25247751392166273,0.8737846409017089,3.1341617583476284,0,0.33016500040000846,0.5672231391744026,2
38,TABLETS,National Urban Minimarkets,6466.512000000001,560.5721040324563,0.08668848121405423,0.8825501190499843,0.9569051096235904,0.7662683397675422,0.8680287684933573,0.31128661590415607,0.881591718001066,3.1227773498280507,0,0.45711008411266035,0.6193903850240214,1
39,TABLETS,National Urban Supermarkets,10468.684153846154,958.7235549040132,0.09158013947261766,0.366774324400157,0.9263930852274841,0.7795964832393807,0.8141192370523361,0.3833462670045642,0.826839850131279,3.2123684592447255,0,-0.2553169721804764,0.43545835341897937,2
40,TAKE HOME LOOSE KONFETY,Discounters,4975.955230769231,177.9047100460989,0.035752875939480004,0.001278397365879346,0.5721550399019368,0.687598768108588,0.7100009457138609,0.15202098400646366,0.7210947104906399,1.286451743573371,2,-1.8814363246868941,-2.038086550630534,0
41,TAKE HOME LOOSE KONFETY,National Urban Hypermarkets,9875.667384615384,569.0267080184948,0.05761906369031241,0.5155604296583927,0.7821887681365515,0.6831348996176663,0.7191695351667841,0.1871457168134915,0.7304065591537651,2.336267252290084,2,-1.336179050645579,-0.9330490174156919,1
42,TAKE HOME LOOSE KONFETY,National Urban Minimarkets,2657.095846153846,326.92342866340806,0.12303787578330329,0.6925860839501929,0.9490149835918277,0.6885203190201068,0.8998995132391537,0.32386175973797476,0.9139604431335155,3.542221640353782,0,0.8316832613643026,0.8117677676115294,2
43,TAKE HOME LOOSE KONFETY,National Urban Supermarkets,4887.715230769231,220.49484352040196,0.04511204788125522,0.00509123125535665,0.6370778532617981,0.6829877086138787,0.716166321134936,0.3082122229569276,0.7273564199026693,1.561126152445441,2,-1.678018028334272,-1.672507355511098,0
